{
  "tag": "baseline",
  "seed": 0,
  "N": 733,
  "AUC": 0.9791946308724832,
  "Accuracy": 0.9263301500682128,
  "ECE15": 0.04374964432094297,
  "Brier": 0.059892547166856054,
  "ckpt": "/content/drive/MyDrive/JBHI_1/checkpoints/resnet18/baseline/seed_0/best.pt",
  "loaded_overlap": 122
}