{
  "tag": "baseline",
  "seed": 3,
  "N": 733,
  "AUC": 0.9788552032708477,
  "Accuracy": 0.9290586630286494,
  "ECE15": 0.025006098957335705,
  "Brier": 0.0553515987439301,
  "ckpt": "/content/drive/MyDrive/JBHI_1/checkpoints/resnet18/baseline/seed_3/best.pt",
  "loaded_overlap": 122
}