{
  "tag": "baseline",
  "seed": 4,
  "N": 733,
  "AUC": 0.9813546247010723,
  "Accuracy": 0.9208731241473397,
  "ECE15": 0.030390373965616415,
  "Brier": 0.05421072202325727,
  "ckpt": "/content/drive/MyDrive/JBHI_1/checkpoints/resnet18/baseline/seed_4/best.pt",
  "loaded_overlap": 122
}