{
  "tag": "ccr",
  "seed": 3,
  "N": 733,
  "AUC": 0.9820797654863843,
  "Accuracy": 0.9263301500682128,
  "ECE15": 0.11587967704295461,
  "Brier": 0.06878870789083735,
  "ckpt": "/content/drive/MyDrive/JBHI_1/checkpoints/resnet18/ccr/seed_3/best.pt",
  "loaded_overlap": 122
}