{
  "tag": "ccr",
  "seed": 0,
  "N": 733,
  "AUC": 0.9792872020365656,
  "Accuracy": 0.9236016371077762,
  "ECE15": 0.10221034773761381,
  "Brier": 0.06500654972503646,
  "ckpt": "/content/drive/MyDrive/JBHI_1/checkpoints/resnet18/ccr/seed_0/best.pt",
  "loaded_overlap": 122
}