{
  "tag": "ccr",
  "seed": 2,
  "N": 733,
  "AUC": 0.9763249247859291,
  "Accuracy": 0.9140518417462483,
  "ECE15": 0.08560440722868191,
  "Brier": 0.07254638519699161,
  "ckpt": "/content/drive/MyDrive/JBHI_1/checkpoints/resnet18/ccr/seed_2/best.pt",
  "loaded_overlap": 122
}